Year,Month,Day,Initial Price per ton,Retail Price per ton,Arrival Qty,Days,,,,,,,,,,,,,,,,,,,,,
2017,1,1,,,,1,,,,,,,,,,,,,,,,,,,,,
2017,1,2,1000,2000,233,2,,,,,,,,,,,,,,,,,,,,,
2017,1,3,1000,2000,216,3,,,,,,,,,,,,,,,,,,,,,
2017,1,4,1000,2000,308,4,,,,,,,,,,,,,,,,,,,,,
2017,1,5,1000,2000,380,5,,,,,,,,,,,,,,,,,,,,,
2017,1,6,900,2000,339,6,,,,,,,,,,,,,,,,,,,,,
2017,1,7,800,2000,269,7,,,,,,,,,,,,,,,,,,,,,
2017,1,8,,,,8,,,,,,,,,,,,,,,,,,,,,
2017,1,9,1100,2000,407,9,,,,,,,,,,,,,,,,,,,,,
2017,1,10,800,2000,247,10,,,,,,,,,,,,,,,,,,,,,
2017,1,11,800,2000,247,11,,,,,,,,,,,,,,,,,,,,,
2017,1,12,1100,2000,172,12,,,,,,,,,,,,,,,,,,,,,
2017,1,13,1100,2000,177,13,,,,,,,,,,,,,,,,,,,,,
2017,1,14,900,2000,127,14,,,,,,,,,,,,,,,,,,,,,
2017,1,15,,,,15,,,,,,,,,,,,,,,,,,,,,
2017,1,16,1100,2000,188,16,,,,,,,,,,,,,,,,,,,,,
2017,1,17,800,2000,189,17,,,,,,,,,,,,,,,,,,,,,
2017,1,18,800,2000,197,18,,,,,,,,,,,,,,,,,,,,,
2017,1,19,800,2000,209,19,,,,,,,,,,,,,,,,,,,,,
2017,1,20,800,2000,286,20,,,,,,,,,,,,,,,,,,,,,
2017,1,21,800,2000,320,21,,,,,,,,,,,,,,,,,,,,,
2017,1,22,,,,22,,,,,,,,,,,,,,,,,,,,,
2017,1,23,700,2000,351,23,,,,,,,,,,,,,,,,,,,,,
2017,1,24,700,2000,270,24,,,,,,,,,,,,,,,,,,,,,
2017,1,25,700,2000,183,25,,,,,,,,,,,,,,,,,,,,,
2017,1,26,,,,26,,,,,,,,,,,,,,,,,,,,,
2017,1,27,800,2000,292,27,,,,,,,,,,,,,,,,,,,,,
2017,1,28,800,2000,316,28,,,,,,,,,,,,,,,,,,,,,
2017,1,29,,,,29,,,,,,,,,,,,,,,,,,,,,
2017,1,30,1000,2000,225,30,,,,,,,,,,,,,,,,,,,,,
2017,1,31,600,2000,320,31,,,,,,,,,,,,,,,,,,,,,
2017,2,1,800,2000,336,32,,,,,,,,,,,,,,,,,,,,,
2017,2,2,600,2000,196,33,,,,,,,,,,,,,,,,,,,,,
2017,2,3,900,2000,185,34,,,,,,,,,,,,,,,,,,,,,
2017,2,4,750,1800,274,35,,,,,,,,,,,,,,,,,,,,,
2017,2,5,,,,36,,,,,,,,,,,,,,,,,,,,,
2017,2,6,700,2000,236,37,,,,,,,,,,,,,,,,,,,,,
2017,2,7,700,2000,341,38,,,,,,,,,,,,,,,,,,,,,
2017,2,8,500,2000,261,39,,,,,,,,,,,,,,,,,,,,,
2017,2,9,800,2000,271,40,,,,,,,,,,,,,,,,,,,,,
2017,2,10,700,2000,243,41,,,,,,,,,,,,,,,,,,,,,
2017,2,11,700,2000,210,42,,,,,,,,,,,,,,,,,,,,,
2017,2,12,,,,43,,,,,,,,,,,,,,,,,,,,,
2017,2,13,600,2000,232,44,,,,,,,,,,,,,,,,,,,,,
2017,2,14,900,2000,276,45,,,,,,,,,,,,,,,,,,,,,
2017,2,15,700,2000,220,46,,,,,,,,,,,,,,,,,,,,,
2017,2,16,600,1800,215,47,,,,,,,,,,,,,,,,,,,,,
2017,2,17,,,,48,,,,,,,,,,,,,,,,,,,,,
2017,2,18,700,1800,199,49,,,,,,,,,,,,,,,,,,,,,
2017,2,19,,,,50,,,,,,,,,,,,,,,,,,,,,
2017,2,20,500,2000,200,51,,,,,,,,,,,,,,,,,,,,,
2017,2,21,600,2000,296,52,,,,,,,,,,,,,,,,,,,,,
2017,2,22,600,2000,285,53,,,,,,,,,,,,,,,,,,,,,
2017,2,23,700,2000,199,54,,,,,,,,,,,,,,,,,,,,,
2017,2,24,,,,55,,,,,,,,,,,,,,,,,,,,,
2017,2,25,900,2000,166,56,,,,,,,,,,,,,,,,,,,,,
2017,2,26,,,,57,,,,,,,,,,,,,,,,,,,,,
2017,2,27,900,2000,169,58,,,,,,,,,,,,,,,,,,,,,
2017,2,28,800,2000,263,59,,,,,,,,,,,,,,,,,,,,,
2017,3,1,800,2000,348,60,,,,,,,,,,,,,,,,,,,,,
2017,3,2,,,,61,,,,,,,,,,,,,,,,,,,,,
2017,3,3,800,2000,336,62,,,,,,,,,,,,,,,,,,,,,
2017,3,4,800,2000,317,63,,,,,,,,,,,,,,,,,,,,,
2017,3,5,,,,64,,,,,,,,,,,,,,,,,,,,,
2017,3,6,800,2000,214,65,,,,,,,,,,,,,,,,,,,,,
2017,3,7,700,2000,190,66,,,,,,,,,,,,,,,,,,,,,
2017,3,8,800,2000,358,67,,,,,,,,,,,,,,,,,,,,,
2017,3,9,700,2000,178,68,,,,,,,,,,,,,,,,,,,,,
2017,3,10,800,2000,288,69,,,,,,,,,,,,,,,,,,,,,
2017,3,11,700,1800,299,70,,,,,,,,,,,,,,,,,,,,,
2017,3,12,,,,71,,,,,,,,,,,,,,,,,,,,,
2017,3,13,,,,72,,,,,,,,,,,,,,,,,,,,,
2017,3,14,900,1800,123,73,,,,,,,,,,,,,,,,,,,,,
2017,3,15,900,1800,137,74,,,,,,,,,,,,,,,,,,,,,
2017,3,16,1200,1800,110,75,,,,,,,,,,,,,,,,,,,,,
2017,3,17,1000,1800,231,76,,,,,,,,,,,,,,,,,,,,,
2017,3,18,1000,18000,236,77,,,,,,,,,,,,,,,,,,,,,
2017,3,19,,,,78,,,,,,,,,,,,,,,,,,,,,
2017,3,20,950,1800,330,79,,,,,,,,,,,,,,,,,,,,,
2017,3,21,950,1800,383,80,,,,,,,,,,,,,,,,,,,,,
2017,3,22,800,1800,308,81,,,,,,,,,,,,,,,,,,,,,
2017,3,23,800,1800,390,82,,,,,,,,,,,,,,,,,,,,,
2017,3,24,800,1800,268,83,,,,,,,,,,,,,,,,,,,,,
2017,3,25,700,1800,303,84,,,,,,,,,,,,,,,,,,,,,
2017,3,26,,,,85,,,,,,,,,,,,,,,,,,,,,
2017,3,27,800,1800,241,86,,,,,,,,,,,,,,,,,,,,,
2017,3,28,1000,1800,290,87,,,,,,,,,,,,,,,,,,,,,
2017,3,29,1000,1800,234,88,,,,,,,,,,,,,,,,,,,,,
2017,3,30,1200,1800,235,89,,,,,,,,,,,,,,,,,,,,,
2017,3,31,1250,1800,235,90,,,,,,,,,,,,,,,,,,,,,
2017,4,1,900,2000,213,91,,,,,,,,,,,,,,,,,,,,,
2017,4,2,,,,92,,,,,,,,,,,,,,,,,,,,,
2017,4,3,1000,2000,250,93,,,,,,,,,,,,,,,,,,,,,
2017,4,4,,,,94,,,,,,,,,,,,,,,,,,,,,
2017,4,5,950,2000,298,95,,,,,,,,,,,,,,,,,,,,,
2017,4,6,900,2000,269,96,,,,,,,,,,,,,,,,,,,,,
2017,4,7,900,2000,223,97,,,,,,,,,,,,,,,,,,,,,
2017,4,8,900,2000,365,98,,,,,,,,,,,,,,,,,,,,,
2017,4,9,,,,99,,,,,,,,,,,,,,,,,,,,,
2017,4,10,,,,100,,,,,,,,,,,,,,,,,,,,,
2017,4,11,1000,2000,519,101,,,,,,,,,,,,,,,,,,,,,
2017,4,12,1000,2000,258,102,,,,,,,,,,,,,,,,,,,,,
2017,4,13,1000,2000,261,103,,,,,,,,,,,,,,,,,,,,,
2017,4,14,,,,104,,,,,,,,,,,,,,,,,,,,,
2017,4,15,1000,2000,180,105,,,,,,,,,,,,,,,,,,,,,
2017,4,16,,,,106,,,,,,,,,,,,,,,,,,,,,
2017,4,17,1000,2000,311,107,,,,,,,,,,,,,,,,,,,,,
2017,4,18,1000,2000,312,108,,,,,,,,,,,,,,,,,,,,,
2017,4,19,1000,2000,285,109,,,,,,,,,,,,,,,,,,,,,
2017,4,20,1100,2000,195,110,,,,,,,,,,,,,,,,,,,,,
2017,4,21,1100,2000,171,111,,,,,,,,,,,,,,,,,,,,,
2017,4,22,1100,2000,208,112,,,,,,,,,,,,,,,,,,,,,
2017,4,23,,,,113,,,,,,,,,,,,,,,,,,,,,
2017,4,24,1100,2000,328,114,,,,,,,,,,,,,,,,,,,,,
2017,4,25,1000,2000,357,115,,,,,,,,,,,,,,,,,,,,,
2017,4,26,1000,2000,265,116,,,,,,,,,,,,,,,,,,,,,
2017,4,27,1000,2000,357,117,,,,,,,,,,,,,,,,,,,,,
2017,4,28,1000,2000,475,118,,,,,,,,,,,,,,,,,,,,,
2017,4,29,1000,2000,451,119,,,,,,,,,,,,,,,,,,,,,
2017,4,30,,,,120,,,,,,,,,,,,,,,,,,,,,
2017,5,1,1000,2000,184,121,,,,,,,,,,,,,,,,,,,,,
2017,5,2,1100,2000,410,122,,,,,,,,,,,,,,,,,,,,,
2017,5,3,1000,2000,266,123,,,,,,,,,,,,,,,,,,,,,
2017,5,4,1100,2000,311,124,,,,,,,,,,,,,,,,,,,,,
2017,5,5,1300,2000,296,125,,,,,,,,,,,,,,,,,,,,,
2017,5,6,1200,2000,290,126,,,,,,,,,,,,,,,,,,,,,
2017,5,7,,,,127,,,,,,,,,,,,,,,,,,,,,
2017,5,8,1000,2000,211,128,,,,,,,,,,,,,,,,,,,,,
2017,5,9,1100,2000,376,129,,,,,,,,,,,,,,,,,,,,,
2017,5,10,,,,130,,,,,,,,,,,,,,,,,,,,,
2017,5,11,1000,2000,223,131,,,,,,,,,,,,,,,,,,,,,
2017,5,12,1000,2000,381,132,,,,,,,,,,,,,,,,,,,,,
2017,5,13,1000,2000,365,133,,,,,,,,,,,,,,,,,,,,,
2017,5,14,,,,134,,,,,,,,,,,,,,,,,,,,,
2017,5,15,1000,2000,225,135,,,,,,,,,,,,,,,,,,,,,
2017,5,16,1100,2000,186,136,,,,,,,,,,,,,,,,,,,,,
2017,5,17,1100,2000,297,137,,,,,,,,,,,,,,,,,,,,,
2017,5,18,1200,2000,300,138,,,,,,,,,,,,,,,,,,,,,
2017,5,19,1000,2000,265,139,,,,,,,,,,,,,,,,,,,,,
2017,5,20,900,2000,268,140,,,,,,,,,,,,,,,,,,,,,
2017,5,21,,,,141,,,,,,,,,,,,,,,,,,,,,
2017,5,22,900,2000,275,142,,,,,,,,,,,,,,,,,,,,,
2017,5,23,1000,2000,260,143,,,,,,,,,,,,,,,,,,,,,
2017,5,24,1000,2000,354,144,,,,,,,,,,,,,,,,,,,,,
2017,5,25,,,,145,,,,,,,,,,,,,,,,,,,,,
2017,5,26,1100,2000,380,146,,,,,,,,,,,,,,,,,,,,,
2017,5,27,,,,147,,,,,,,,,,,,,,,,,,,,,
2017,5,28,,,,148,,,,,,,,,,,,,,,,,,,,,
2017,5,29,1200,2000,177,149,,,,,,,,,,,,,,,,,,,,,
2017,5,30,1300,2000,179,150,,,,,,,,,,,,,,,,,,,,,
2017,5,31,1200,2000,279,151,,,,,,,,,,,,,,,,,,,,,
2017,6,1,1000,2000,356,152,,,,,,,,,,,,,,,,,,,,,
2017,6,2,1000,2000,426,153,,,,,,,,,,,,,,,,,,,,,
2017,6,3,1000,2000,445,154,,,,,,,,,,,,,,,,,,,,,
2017,6,4,,,,155,,,,,,,,,,,,,,,,,,,,,
2017,6,5,1000,2000,241,156,,,,,,,,,,,,,,,,,,,,,
2017,6,6,1000,2000,293,157,,,,,,,,,,,,,,,,,,,,,
2017,6,7,1200,2000,456,158,,,,,,,,,,,,,,,,,,,,,
2017,6,8,1000,2000,426,159,,,,,,,,,,,,,,,,,,,,,
2017,6,9,1000,2000,255,160,,,,,,,,,,,,,,,,,,,,,
2017,6,10,1000,2000,295,161,,,,,,,,,,,,,,,,,,,,,
2017,6,11,,,,162,,,,,,,,,,,,,,,,,,,,,
2017,6,12,1100,2000,252,163,,,,,,,,,,,,,,,,,,,,,
2017,6,13,1100,2000,261,164,,,,,,,,,,,,,,,,,,,,,
2017,6,14,1000,2000,309,165,,,,,,,,,,,,,,,,,,,,,
2017,6,15,1100,2000,322,166,,,,,,,,,,,,,,,,,,,,,
2017,6,16,1150,2000,184,167,,,,,,,,,,,,,,,,,,,,,
2017,6,17,1000,2000,425,168,,,,,,,,,,,,,,,,,,,,,
2017,6,18,,,,169,,,,,,,,,,,,,,,,,,,,,
2017,6,19,,,,170,,,,,,,,,,,,,,,,,,,,,
2017,6,20,900,2000,336,171,,,,,,,,,,,,,,,,,,,,,
2017,6,21,1000,2000,328,172,,,,,,,,,,,,,,,,,,,,,
2017,6,22,1000,2000,279,173,,,,,,,,,,,,,,,,,,,,,
2017,6,23,1000,2000,285,174,,,,,,,,,,,,,,,,,,,,,
2017,6,24,1200,2000,333,175,,,,,,,,,,,,,,,,,,,,,
2017,6,25,,,,176,,,,,,,,,,,,,,,,,,,,,
2017,6,26,,,,177,,,,,,,,,,,,,,,,,,,,,
2017,6,27,1000,2000,410,178,,,,,,,,,,,,,,,,,,,,,
2017,6,28,1000,2000,275,179,,,,,,,,,,,,,,,,,,,,,
2017,6,29,1100,2000,270,180,,,,,,,,,,,,,,,,,,,,,
2017,6,30,1200,2000,216,181,,,,,,,,,,,,,,,,,,,,,
2017,7,1,950,2000,447,182,,,,,,,,,,,,,,,,,,,,,
2017,7,2,,,,183,,,,,,,,,,,,,,,,,,,,,
2017,7,3,1000,2000,505,184,,,,,,,,,,,,,,,,,,,,,
2017,7,4,900,2000,491,185,,,,,,,,,,,,,,,,,,,,,
2017,7,5,1000,2000,235,186,,,,,,,,,,,,,,,,,,,,,
2017,7,6,1000,2000,235,187,,,,,,,,,,,,,,,,,,,,,
2017,7,7,1000,2000,251,188,,,,,,,,,,,,,,,,,,,,,
2017,7,8,1000,2000,226,189,,,,,,,,,,,,,,,,,,,,,
2017,7,9,,,,190,,,,,,,,,,,,,,,,,,,,,
2017,7,10,1200,2000,176,191,,,,,,,,,,,,,,,,,,,,,
2017,7,11,1300,2000,180,192,,,,,,,,,,,,,,,,,,,,,
2017,7,12,1100,2000,234,193,,,,,,,,,,,,,,,,,,,,,
2017,7,13,1000,2000,328,194,,,,,,,,,,,,,,,,,,,,,
2017,7,14,1000,2000,262,195,,,,,,,,,,,,,,,,,,,,,
2017,7,15,1000,2000,265,196,,,,,,,,,,,,,,,,,,,,,
2017,7,16,,,,197,,,,,,,,,,,,,,,,,,,,,
2017,7,17,1100,2000,321,198,,,,,,,,,,,,,,,,,,,,,
2017,7,18,1000,2000,269,199,,,,,,,,,,,,,,,,,,,,,
2017,7,19,700,2000,423,200,,,,,,,,,,,,,,,,,,,,,
2017,7,20,,,,201,,,,,,,,,,,,,,,,,,,,,
2017,7,21,1000,2000,239,202,,,,,,,,,,,,,,,,,,,,,
2017,7,22,1000,2000,345,203,,,,,,,,,,,,,,,,,,,,,
2017,7,23,,,,204,,,,,,,,,,,,,,,,,,,,,
2017,7,24,950,2000,202,205,,,,,,,,,,,,,,,,,,,,,
2017,7,25,1000,2000,423,206,,,,,,,,,,,,,,,,,,,,,
2017,7,26,1100,2000,425,207,,,,,,,,,,,,,,,,,,,,,
2017,7,27,1000,2000,312,208,,,,,,,,,,,,,,,,,,,,,
2017,7,28,,,,209,,,,,,,,,,,,,,,,,,,,,
2017,7,29,1100,2500,418,210,,,,,,,,,,,,,,,,,,,,,
2017,7,30,,,,211,,,,,,,,,,,,,,,,,,,,,
2017,7,31,1100,2500,533,212,,,,,,,,,,,,,,,,,,,,,
2017,8,1,900,2000,330,213,,,,,,,,,,,,,,,,,,,,,
2017,8,2,800,2000,321,214,,,,,,,,,,,,,,,,,,,,,
2017,8,3,1000,2000,374,215,,,,,,,,,,,,,,,,,,,,,
2017,8,4,1000,2000,259,216,,,,,,,,,,,,,,,,,,,,,
2017,8,5,1100,2000,257,217,,,,,,,,,,,,,,,,,,,,,
2017,8,6,,,,218,,,,,,,,,,,,,,,,,,,,,
2017,8,7,1200,2000,165,219,,,,,,,,,,,,,,,,,,,,,
2017,8,8,800,2000,270,220,,,,,,,,,,,,,,,,,,,,,
2017,8,9,950,2000,260,221,,,,,,,,,,,,,,,,,,,,,
2017,8,10,1000,2000,579,222,,,,,,,,,,,,,,,,,,,,,
2017,8,11,900,2000,225,223,,,,,,,,,,,,,,,,,,,,,
2017,8,12,900,2000,255,224,,,,,,,,,,,,,,,,,,,,,
2017,8,13,,,,225,,,,,,,,,,,,,,,,,,,,,
2017,8,14,1100,2000,228,226,,,,,,,,,,,,,,,,,,,,,
2017,8,15,,,,227,,,,,,,,,,,,,,,,,,,,,
2017,8,16,1000,2000,219,228,,,,,,,,,,,,,,,,,,,,,
2017,8,17,950,2000,484,229,,,,,,,,,,,,,,,,,,,,,
2017,8,18,,,,230,,,,,,,,,,,,,,,,,,,,,
2017,8,19,1000,2000,325,231,,,,,,,,,,,,,,,,,,,,,
2017,8,20,,,,232,,,,,,,,,,,,,,,,,,,,,
2017,8,21,,,,233,,,,,,,,,,,,,,,,,,,,,
2017,8,22,900,2000,413,234,,,,,,,,,,,,,,,,,,,,,
2017,8,23,1000,2000,397,235,,,,,,,,,,,,,,,,,,,,,
2017,8,24,950,2000,440,236,,,,,,,,,,,,,,,,,,,,,
2017,8,25,1050,2000,269,237,,,,,,,,,,,,,,,,,,,,,
2017,8,26,1000,1800,300,238,,,,,,,,,,,,,,,,,,,,,
2017,8,27,,,,239,,,,,,,,,,,,,,,,,,,,,
2017,8,28,1000,1800,275,240,,,,,,,,,,,,,,,,,,,,,
2017,8,29,1000,1800,213,241,,,,,,,,,,,,,,,,,,,,,
2017,8,30,1100,2000,203,242,,,,,,,,,,,,,,,,,,,,,
2017,8,31,1150,2000,211,243,,,,,,,,,,,,,,,,,,,,,
2017,9,1,1000,2000,291,244,,,,,,,,,,,,,,,,,,,,,
2017,9,2,,,,245,,,,,,,,,,,,,,,,,,,,,
2017,9,3,,,,246,,,,,,,,,,,,,,,,,,,,,
2017,9,4,1100,2000,535,247,,,,,,,,,,,,,,,,,,,,,
2017,9,5,1000,2200,332,248,,,,,,,,,,,,,,,,,,,,,
2017,9,6,1000,2000,325,249,,,,,,,,,,,,,,,,,,,,,
2017,9,7,900,2000,414,250,,,,,,,,,,,,,,,,,,,,,
2017,9,8,1000,2000,333,251,,,,,,,,,,,,,,,,,,,,,
2017,9,9,1000,2000,316,252,,,,,,,,,,,,,,,,,,,,,
2017,9,10,,,,253,,,,,,,,,,,,,,,,,,,,,
2017,9,11,1000,2000,415,254,,,,,,,,,,,,,,,,,,,,,
2017,9,12,1000,2000,464,255,,,,,,,,,,,,,,,,,,,,,
2017,9,13,1000,2000,381,256,,,,,,,,,,,,,,,,,,,,,
2017,9,14,1000,2000,392,257,,,,,,,,,,,,,,,,,,,,,
2017,9,15,1100,2000,250,258,,,,,,,,,,,,,,,,,,,,,
2017,9,16,1000,2200,267,259,,,,,,,,,,,,,,,,,,,,,
2017,9,17,,,,260,,,,,,,,,,,,,,,,,,,,,
2017,9,18,1700,3500,249,261,,,,,,,,,,,,,,,,,,,,,
2017,9,19,1100,2500,375,262,,,,,,,,,,,,,,,,,,,,,
2017,9,20,,,,263,,,,,,,,,,,,,,,,,,,,,
2017,9,21,1100,2500,418,264,,,,,,,,,,,,,,,,,,,,,
2017,9,22,1000,2500,497,265,,,,,,,,,,,,,,,,,,,,,
2017,9,23,1000,2500,240,266,,,,,,,,,,,,,,,,,,,,,
2017,9,24,,,,267,,,,,,,,,,,,,,,,,,,,,
2017,9,25,,,,268,,,,,,,,,,,,,,,,,,,,,
2017,9,26,,,,269,,,,,,,,,,,,,,,,,,,,,
2017,9,27,900,2200,247,270,,,,,,,,,,,,,,,,,,,,,
2017,9,28,1100,2500,296,271,,,,,,,,,,,,,,,,,,,,,
2017,9,29,1000,2500,396,272,,,,,,,,,,,,,,,,,,,,,
2017,9,30,,,,273,,,,,,,,,,,,,,,,,,,,,
2017,10,1,,,,274,,,,,,,,,,,,,,,,,,,,,
2017,10,2,,,,275,,,,,,,,,,,,,,,,,,,,,
2017,10,3,1000,2000,303,276,,,,,,,,,,,,,,,,,,,,,
2017,10,4,1000,2000,271,277,,,,,,,,,,,,,,,,,,,,,
2017,10,5,1050,2000,292,278,,,,,,,,,,,,,,,,,,,,,
2017,10,6,1000,2000,319,279,,,,,,,,,,,,,,,,,,,,,
2017,10,7,1100,2000,238,280,,,,,,,,,,,,,,,,,,,,,
2017,10,8,,,,281,,,,,,,,,,,,,,,,,,,,,
2017,10,9,1200,2000,166,282,,,,,,,,,,,,,,,,,,,,,
2017,10,10,1300,2000,470,283,,,,,,,,,,,,,,,,,,,,,
2017,10,11,1150,2000,318,284,,,,,,,,,,,,,,,,,,,,,
2017,10,12,1000,2000,486,285,,,,,,,,,,,,,,,,,,,,,
2017,10,13,1000,2000,359,286,,,,,,,,,,,,,,,,,,,,,
2017,10,14,1000,2000,580,287,,,,,,,,,,,,,,,,,,,,,
2017,10,15,,,,288,,,,,,,,,,,,,,,,,,,,,
2017,10,16,850,2000,347,289,,,,,,,,,,,,,,,,,,,,,
2017,10,17,1000,2000,353,290,,,,,,,,,,,,,,,,,,,,,
2017,10,18,1000,2000,361,291,,,,,,,,,,,,,,,,,,,,,
2017,10,19,,,,292,,,,,,,,,,,,,,,,,,,,,
2017,10,20,1000,2000,388,293,,,,,,,,,,,,,,,,,,,,,
2017,10,21,1100,2000,266,294,,,,,,,,,,,,,,,,,,,,,
2017,10,22,,,,295,,,,,,,,,,,,,,,,,,,,,
2017,10,23,1000,2000,892,296,,,,,,,,,,,,,,,,,,,,,
2017,10,24,1000,2000,391,297,,,,,,,,,,,,,,,,,,,,,
2017,10,25,1000,2000,336,298,,,,,,,,,,,,,,,,,,,,,
2017,10,26,1000,2000,168,299,,,,,,,,,,,,,,,,,,,,,
2017,10,27,950,1800,458,300,,,,,,,,,,,,,,,,,,,,,
2017,10,28,1000,1800,407,301,,,,,,,,,,,,,,,,,,,,,
2017,10,29,,,,302,,,,,,,,,,,,,,,,,,,,,
2017,10,30,1100,1800,284,303,,,,,,,,,,,,,,,,,,,,,
2017,10,31,1100,1800,399,304,,,,,,,,,,,,,,,,,,,,,
2017,11,1,1200,2000,453,305,,,,,,,,,,,,,,,,,,,,,
2017,11,2,1300,1800,395,306,,,,,,,,,,,,,,,,,,,,,
2017,11,3,1200,1800,272,307,,,,,,,,,,,,,,,,,,,,,
2017,11,4,,,,308,,,,,,,,,,,,,,,,,,,,,
2017,11,5,,,,309,,,,,,,,,,,,,,,,,,,,,
2017,11,6,1000,1800,349,310,,,,,,,,,,,,,,,,,,,,,
2017,11,7,1100,1800,273,311,,,,,,,,,,,,,,,,,,,,,
2017,11,8,1000,1800,393,312,,,,,,,,,,,,,,,,,,,,,
2017,11,9,1000,1800,327,313,,,,,,,,,,,,,,,,,,,,,
2017,11,10,1000,1800,383,314,,,,,,,,,,,,,,,,,,,,,
2017,11,11,1000,1800,549,315,,,,,,,,,,,,,,,,,,,,,
2017,11,12,,,,316,,,,,,,,,,,,,,,,,,,,,
2017,11,13,1050,2000,429,317,,,,,,,,,,,,,,,,,,,,,
2017,11,14,1000,1800,315,318,,,,,,,,,,,,,,,,,,,,,
2017,11,15,,,,319,,,,,,,,,,,,,,,,,,,,,
2017,11,16,1100,2000,310,320,,,,,,,,,,,,,,,,,,,,,
2017,11,17,,,,321,,,,,,,,,,,,,,,,,,,,,
2017,11,18,1050,1800,444,322,,,,,,,,,,,,,,,,,,,,,
2017,11,19,,,,323,,,,,,,,,,,,,,,,,,,,,
2017,11,20,1000,1800,316,324,,,,,,,,,,,,,,,,,,,,,
2017,11,21,950,1800,432,325,,,,,,,,,,,,,,,,,,,,,
2017,11,22,1000,1800,371,326,,,,,,,,,,,,,,,,,,,,,
2017,11,23,1100,1800,431,327,,,,,,,,,,,,,,,,,,,,,
2017,11,24,1000,2000,382,328,,,,,,,,,,,,,,,,,,,,,
2017,11,25,1000,2000,386,329,,,,,,,,,,,,,,,,,,,,,
2017,11,26,,,,330,,,,,,,,,,,,,,,,,,,,,
2017,11,27,1000,2000,125,331,,,,,,,,,,,,,,,,,,,,,
2017,11,28,1100,2000,103,332,,,,,,,,,,,,,,,,,,,,,
2017,11,29,1100,2000,166,333,,,,,,,,,,,,,,,,,,,,,
2017,11,30,1100,2000,296,334,,,,,,,,,,,,,,,,,,,,,
2017,12,1,1000,2000,356,335,,,,,,,,,,,,,,,,,,,,,
2017,12,2,,,,336,,,,,,,,,,,,,,,,,,,,,
2017,12,3,,,,337,,,,,,,,,,,,,,,,,,,,,
2017,12,4,1100,2000,459,338,,,,,,,,,,,,,,,,,,,,,
2017,12,5,1100,2000,431,339,,,,,,,,,,,,,,,,,,,,,
2017,12,6,1100,2000,396,340,,,,,,,,,,,,,,,,,,,,,
2017,12,7,900,2000,329,341,,,,,,,,,,,,,,,,,,,,,
2017,12,8,1100,2000,270,342,,,,,,,,,,,,,,,,,,,,,
2017,12,9,1100,2000,272,343,,,,,,,,,,,,,,,,,,,,,
2017,12,10,,,,344,,,,,,,,,,,,,,,,,,,,,
2017,12,11,1100,2000,310,345,,,,,,,,,,,,,,,,,,,,,
2017,12,12,1100,2000,353,346,,,,,,,,,,,,,,,,,,,,,
2017,12,13,,,,347,,,,,,,,,,,,,,,,,,,,,
2017,12,14,1100,2100,444,348,,,,,,,,,,,,,,,,,,,,,
2017,12,15,1100,2000,375,349,,,,,,,,,,,,,,,,,,,,,
2017,12,16,1000,2000,400,350,,,,,,,,,,,,,,,,,,,,,
2017,12,17,,,,351,,,,,,,,,,,,,,,,,,,,,
2017,12,18,1100,2000,435,352,,,,,,,,,,,,,,,,,,,,,
2017,12,19,1100,2000,426,353,,,,,,,,,,,,,,,,,,,,,
2017,12,20,1000,2000,416,354,,,,,,,,,,,,,,,,,,,,,
2017,12,21,800,2000,386,355,,,,,,,,,,,,,,,,,,,,,
2017,12,22,800,2000,365,356,,,,,,,,,,,,,,,,,,,,,
2017,12,23,800,2000,328,357,,,,,,,,,,,,,,,,,,,,,
2017,12,24,,,,358,,,,,,,,,,,,,,,,,,,,,
2017,12,25,,,,359,,,,,,,,,,,,,,,,,,,,,
2017,12,26,900,2000,235,360,,,,,,,,,,,,,,,,,,,,,
2017,12,27,1000,2000,241,361,,,,,,,,,,,,,,,,,,,,,
2017,12,28,1000,2000,300,362,,,,,,,,,,,,,,,,,,,,,
2017,12,29,900,2000,277,363,,,,,,,,,,,,,,,,,,,,,
2017,12,30,900,2000,200,364,,,,,,,,,,,,,,,,,,,,,
2017,12,31,,,,365,,,,,,,,,,,,,,,,,,,,,
2018,1,1,850,2000,400,366,,,,,,,,,,,,,,,,,,,,,
2018,1,2,900,2000,254,367,,,,,,,,,,,,,,,,,,,,,
2018,1,3,900,2000,261,368,,,,,,,,,,,,,,,,,,,,,
2018,1,4,1100,2000,245,369,,,,,,,,,,,,,,,,,,,,,
2018,1,5,1200,2000,400,370,,,,,,,,,,,,,,,,,,,,,
2018,1,6,1000,2000,249,371,,,,,,,,,,,,,,,,,,,,,
2018,1,7,,,,372,,,,,,,,,,,,,,,,,,,,,
2018,1,8,1200,2000,356,373,,,,,,,,,,,,,,,,,,,,,
2018,1,9,1300,2000,353,374,,,,,,,,,,,,,,,,,,,,,
2018,1,10,1100,2000,315,375,,,,,,,,,,,,,,,,,,,,,
2018,1,11,1000,2000,200,376,,,,,,,,,,,,,,,,,,,,,
2018,1,12,1100,2000,224,377,,,,,,,,,,,,,,,,,,,,,
2018,1,13,1000,2000,180,378,,,,,,,,,,,,,,,,,,,,,
2018,1,14,,,,379,,,,,,,,,,,,,,,,,,,,,
2018,1,15,1050,2000,110,380,,,,,,,,,,,,,,,,,,,,,
2018,1,16,1000,2000,160,381,,,,,,,,,,,,,,,,,,,,,
2018,1,17,1100,2000,49,382,,,,,,,,,,,,,,,,,,,,,
2018,1,18,1100,2000,200,383,,,,,,,,,,,,,,,,,,,,,
2018,1,19,1200,2000,250,384,,,,,,,,,,,,,,,,,,,,,
2018,1,20,1200,2000,20,385,,,,,,,,,,,,,,,,,,,,,
2018,1,21,,,,386,,,,,,,,,,,,,,,,,,,,,
2018,1,22,1100,2000,251,387,,,,,,,,,,,,,,,,,,,,,
2018,1,23,900,2000,115,388,,,,,,,,,,,,,,,,,,,,,
2018,1,24,1000,2000,200,389,,,,,,,,,,,,,,,,,,,,,
2018,1,25,900,2000,220,390,,,,,,,,,,,,,,,,,,,,,
2018,1,26,,,,391,,,,,,,,,,,,,,,,,,,,,
2018,1,27,900,2000,116,392,,,,,,,,,,,,,,,,,,,,,
2018,1,28,,,,393,,,,,,,,,,,,,,,,,,,,,
2018,1,29,1000,2000,172,394,,,,,,,,,,,,,,,,,,,,,
2018,1,30,900,2000,121,395,,,,,,,,,,,,,,,,,,,,,
2018,1,31,1100,2000,110,396,,,,,,,,,,,,,,,,,,,,,
2018,2,1,1100,2000,110,397,,,,,,,,,,,,,,,,,,,,,
2018,2,2,1100,2000,100,398,,,,,,,,,,,,,,,,,,,,,
2018,2,3,900,2000,66,399,,,,,,,,,,,,,,,,,,,,,
2018,2,4,,,,400,,,,,,,,,,,,,,,,,,,,,
2018,2,5,1150,2000,100,401,,,,,,,,,,,,,,,,,,,,,
2018,2,6,1000,2000,216,402,,,,,,,,,,,,,,,,,,,,,
2018,2,7,1100,2000,200,403,,,,,,,,,,,,,,,,,,,,,
2018,2,8,1100,2000,192,404,,,,,,,,,,,,,,,,,,,,,
2018,2,9,900,2000,100,405,,,,,,,,,,,,,,,,,,,,,
2018,2,10,1000,2000,136,406,,,,,,,,,,,,,,,,,,,,,
2018,2,11,,,,407,,,,,,,,,,,,,,,,,,,,,
2018,2,12,900,2000,70,408,,,,,,,,,,,,,,,,,,,,,
2018,2,13,1200,2000,100,409,,,,,,,,,,,,,,,,,,,,,
2018,2,14,,,,410,,,,,,,,,,,,,,,,,,,,,
2018,2,15,1100,2000,110,411,,,,,,,,,,,,,,,,,,,,,
2018,2,16,1100,2000,150,412,,,,,,,,,,,,,,,,,,,,,
2018,2,17,1100,2000,167,413,,,,,,,,,,,,,,,,,,,,,
2018,2,18,,,,414,,,,,,,,,,,,,,,,,,,,,
2018,2,19,1100,2000,200,415,,,,,,,,,,,,,,,,,,,,,
2018,2,20,1000,2000,203,416,,,,,,,,,,,,,,,,,,,,,
2018,2,21,1100,2000,180,417,,,,,,,,,,,,,,,,,,,,,
2018,2,22,1200,2000,200,418,,,,,,,,,,,,,,,,,,,,,
2018,2,23,1100,2000,100,419,,,,,,,,,,,,,,,,,,,,,
2018,2,24,1200,2000,100,420,,,,,,,,,,,,,,,,,,,,,
2018,2,25,,,,421,,,,,,,,,,,,,,,,,,,,,
2018,2,26,900,2000,150,422,,,,,,,,,,,,,,,,,,,,,
2018,2,27,900,2000,162,423,,,,,,,,,,,,,,,,,,,,,
2018,2,28,900,1800,155,424,,,,,,,,,,,,,,,,,,,,,
2018,3,1,1200,2000,100,425,,,,,,,,,,,,,,,,,,,,,
2018,3,2,,,,426,,,,,,,,,,,,,,,,,,,,,
2018,3,3,1200,2000,101,427,,,,,,,,,,,,,,,,,,,,,
2018,3,4,,,,428,,,,,,,,,,,,,,,,,,,,,
2018,3,5,1400,2000,139,429,,,,,,,,,,,,,,,,,,,,,
2018,3,6,1200,2000,150,430,,,,,,,,,,,,,,,,,,,,,
2018,3,7,1400,2500,150,431,,,,,,,,,,,,,,,,,,,,,
2018,3,8,1500,2500,151,432,,,,,,,,,,,,,,,,,,,,,
2018,3,9,1400,2500,200,433,,,,,,,,,,,,,,,,,,,,,
2018,3,10,1300,2500,261,434,,,,,,,,,,,,,,,,,,,,,
2018,3,11,,,,435,,,,,,,,,,,,,,,,,,,,,
2018,3,12,1250,2500,200,436,,,,,,,,,,,,,,,,,,,,,
2018,3,13,1350,2500,150,437,,,,,,,,,,,,,,,,,,,,,
2018,3,14,1400,2400,155,438,,,,,,,,,,,,,,,,,,,,,
2018,3,15,1300,2200,200,439,,,,,,,,,,,,,,,,,,,,,
2018,3,16,1400,2200,2000,440,,,,,,,,,,,,,,,,,,,,,
2018,3,17,1350,2200,250,441,,,,,,,,,,,,,,,,,,,,,
2018,3,18,,,,442,,,,,,,,,,,,,,,,,,,,,
2018,3,19,1400,2200,150,443,,,,,,,,,,,,,,,,,,,,,
2018,3,20,,,,444,,,,,,,,,,,,,,,,,,,,,
2018,3,21,,,,445,,,,,,,,,,,,,,,,,,,,,
2018,3,22,,,,446,,,,,,,,,,,,,,,,,,,,,
2018,3,23,,,,447,,,,,,,,,,,,,,,,,,,,,
2018,3,24,,,,448,,,,,,,,,,,,,,,,,,,,,
2018,3,25,,,,449,,,,,,,,,,,,,,,,,,,,,
2018,3,26,,,,450,,,,,,,,,,,,,,,,,,,,,
2018,3,27,,,,451,,,,,,,,,,,,,,,,,,,,,
2018,3,28,,,,452,,,,,,,,,,,,,,,,,,,,,
2018,3,29,,,,453,,,,,,,,,,,,,,,,,,,,,
2018,3,30,,,,454,,,,,,,,,,,,,,,,,,,,,
2018,3,31,,,,455,,,,,,,,,,,,,,,,,,,,,
2018,4,1,,,,456,,,,,,,,,,,,,,,,,,,,,
2018,4,2,1600,2500,187,457,,,,,,,,,,,,,,,,,,,,,
2018,4,3,1500,2400,230,458,,,,,,,,,,,,,,,,,,,,,
2018,4,4,1500,2400,271,459,,,,,,,,,,,,,,,,,,,,,
2018,4,5,1600,2400,144,460,,,,,,,,,,,,,,,,,,,,,
2018,4,6,1800,2500,279,461,,,,,,,,,,,,,,,,,,,,,
2018,4,7,1800,2500,331,462,,,,,,,,,,,,,,,,,,,,,
2018,4,8,,,,463,,,,,,,,,,,,,,,,,,,,,
2018,4,9,1800,2500,295,464,,,,,,,,,,,,,,,,,,,,,
2018,4,10,1700,2500,210,465,,,,,,,,,,,,,,,,,,,,,
2018,4,11,1800,2500,335,466,,,,,,,,,,,,,,,,,,,,,
2018,4,12,1700,2500,189,467,,,,,,,,,,,,,,,,,,,,,
2018,4,13,1700,2500,151,468,,,,,,,,,,,,,,,,,,,,,
2018,4,14,1800,2500,156,469,,,,,,,,,,,,,,,,,,,,,
2018,4,15,,,,470,,,,,,,,,,,,,,,,,,,,,
2018,4,16,1700,3000,245,471,,,,,,,,,,,,,,,,,,,,,
2018,4,17,1900,3000,246,472,,,,,,,,,,,,,,,,,,,,,
2018,4,18,1900,3000,240,473,,,,,,,,,,,,,,,,,,,,,
2018,4,19,1800,3000,195,474,,,,,,,,,,,,,,,,,,,,,
2018,4,20,1900,3000,200,475,,,,,,,,,,,,,,,,,,,,,
2018,4,21,1950,3000,145,476,,,,,,,,,,,,,,,,,,,,,
2018,4,22,,,,477,,,,,,,,,,,,,,,,,,,,,
2018,4,23,2000,3000,140,478,,,,,,,,,,,,,,,,,,,,,
2018,4,24,2200,3000,381,479,,,,,,,,,,,,,,,,,,,,,
2018,4,25,2400,3000,238,480,,,,,,,,,,,,,,,,,,,,,
2018,4,26,2000,3000,264,481,,,,,,,,,,,,,,,,,,,,,
2018,4,27,2000,3000,265,482,,,,,,,,,,,,,,,,,,,,,
2018,4,28,2000,3000,237,483,,,,,,,,,,,,,,,,,,,,,
2018,4,29,,,,484,,,,,,,,,,,,,,,,,,,,,
2018,4,30,,,,485,,,,,,,,,,,,,,,,,,,,,
2018,5,1,2000,4000,260,486,,,,,,,,,,,,,,,,,,,,,
2018,5,2,2100,4000,266,487,,,,,,,,,,,,,,,,,,,,,
2018,5,3,2100,4000,401,488,,,,,,,,,,,,,,,,,,,,,
2018,5,4,2000,4000,362,489,,,,,,,,,,,,,,,,,,,,,
2018,5,5,2000,4000,309,490,,,,,,,,,,,,,,,,,,,,,
2018,5,6,,,,491,,,,,,,,,,,,,,,,,,,,,
2018,5,7,2100,4000,296,492,,,,,,,,,,,,,,,,,,,,,
2018,5,8,2000,4000,285,493,,,,,,,,,,,,,,,,,,,,,
2018,5,9,2100,4000,198,494,,,,,,,,,,,,,,,,,,,,,
2018,5,10,2000,3200,245,495,,,,,,,,,,,,,,,,,,,,,
2018,5,11,,,,496,,,,,,,,,,,,,,,,,,,,,
2018,5,12,2000,3500,176,497,,,,,,,,,,,,,,,,,,,,,
2018,5,13,,,,498,,,,,,,,,,,,,,,,,,,,,
2018,5,14,2100,3500,175,499,,,,,,,,,,,,,,,,,,,,,
2018,5,15,2200,3500,180,500,,,,,,,,,,,,,,,,,,,,,
2018,5,16,2200,3500,195,501,,,,,,,,,,,,,,,,,,,,,
2018,5,17,2000,4000,362,502,,,,,,,,,,,,,,,,,,,,,
2018,5,18,2000,4000,305,503,,,,,,,,,,,,,,,,,,,,,
2018,5,19,2000,3200,348,504,,,,,,,,,,,,,,,,,,,,,
2018,5,20,,,,505,,,,,,,,,,,,,,,,,,,,,
2018,5,21,2000,3500,359,506,,,,,,,,,,,,,,,,,,,,,
2018,5,22,2000,3500,225,507,,,,,,,,,,,,,,,,,,,,,
2018,5,23,2000,3500,226,508,,,,,,,,,,,,,,,,,,,,,
2018,5,24,2000,3500,219,509,,,,,,,,,,,,,,,,,,,,,
2018,5,25,2000,3500,264,510,,,,,,,,,,,,,,,,,,,,,
2018,5,26,2000,3500,174,511,,,,,,,,,,,,,,,,,,,,,
2018,5,27,,,,512,,,,,,,,,,,,,,,,,,,,,
2018,5,28,2000,3500,205,513,,,,,,,,,,,,,,,,,,,,,
2018,5,29,2000,3500,213,514,,,,,,,,,,,,,,,,,,,,,
2018,5,30,2000,3500,231,515,,,,,,,,,,,,,,,,,,,,,
2018,5,31,2100,3500,291,516,,,,,,,,,,,,,,,,,,,,,
2018,6,1,2200,4000,131,517,,,,,,,,,,,,,,,,,,,,,
2018,6,2,2200,4000,125,518,,,,,,,,,,,,,,,,,,,,,
2018,6,3,,,,519,,,,,,,,,,,,,,,,,,,,,
2018,6,4,1800,3800,160,520,,,,,,,,,,,,,,,,,,,,,
2018,6,5,2000,3500,386,521,,,,,,,,,,,,,,,,,,,,,
2018,6,6,2000,3500,389,522,,,,,,,,,,,,,,,,,,,,,
2018,6,7,2000,3500,248,523,,,,,,,,,,,,,,,,,,,,,
2018,6,8,2000,3600,338,524,,,,,,,,,,,,,,,,,,,,,
2018,6,9,,,,525,,,,,,,,,,,,,,,,,,,,,
2018,6,10,,,,526,,,,,,,,,,,,,,,,,,,,,
2018,6,11,1900,3500,198,527,,,,,,,,,,,,,,,,,,,,,
2018,6,12,2000,3500,279,528,,,,,,,,,,,,,,,,,,,,,
2018,6,13,2000,3500,254,529,,,,,,,,,,,,,,,,,,,,,
2018,6,14,2000,3500,250,530,,,,,,,,,,,,,,,,,,,,,
2018,6,15,2000,3500,326,531,,,,,,,,,,,,,,,,,,,,,
2018,6,16,,,,532,,,,,,,,,,,,,,,,,,,,,
2018,6,17,,,,533,,,,,,,,,,,,,,,,,,,,,
2018,6,18,2000,3500,322,534,,,,,,,,,,,,,,,,,,,,,
2018,6,19,2000,3500,333,535,,,,,,,,,,,,,,,,,,,,,
2018,6,20,2300,3500,346,536,,,,,,,,,,,,,,,,,,,,,
2018,6,21,2000,3500,267,537,,,,,,,,,,,,,,,,,,,,,
2018,6,22,1900,3500,295,538,,,,,,,,,,,,,,,,,,,,,
2018,6,23,2000,3500,234,539,,,,,,,,,,,,,,,,,,,,,
2018,6,24,,,,540,,,,,,,,,,,,,,,,,,,,,
2018,6,25,2050,3500,189,541,,,,,,,,,,,,,,,,,,,,,
2018,6,26,2050,3500,291,542,,,,,,,,,,,,,,,,,,,,,
2018,6,27,1900,3500,231,543,,,,,,,,,,,,,,,,,,,,,
2018,6,28,2000,3500,388,544,,,,,,,,,,,,,,,,,,,,,
2018,6,29,2000,3500,233,545,,,,,,,,,,,,,,,,,,,,,
2018,6,30,1900,3500,345,546,,,,,,,,,,,,,,,,,,,,,
2018,7,1,,,,547,,,,,,,,,,,,,,,,,,,,,
2018,7,2,2000,3000,364,548,,,,,,,,,,,,,,,,,,,,,
2018,7,3,2000,3000,286,549,,,,,,,,,,,,,,,,,,,,,
2018,7,4,2000,3000,255,550,,,,,,,,,,,,,,,,,,,,,
2018,7,5,2000,3000,268,551,,,,,,,,,,,,,,,,,,,,,
2018,7,6,2000,3000,219,552,,,,,,,,,,,,,,,,,,,,,
2018,7,7,2000,3000,177,553,,,,,,,,,,,,,,,,,,,,,
2018,7,8,,,,554,,,,,,,,,,,,,,,,,,,,,
2018,7,9,2100,3200,291,555,,,,,,,,,,,,,,,,,,,,,
2018,7,10,1800,3000,406,556,,,,,,,,,,,,,,,,,,,,,
2018,7,11,1900,3000,292,557,,,,,,,,,,,,,,,,,,,,,
2018,7,12,2000,3100,304,558,,,,,,,,,,,,,,,,,,,,,
2018,7,13,2100,3000,229,559,,,,,,,,,,,,,,,,,,,,,
2018,7,14,2000,3000,213,560,,,,,,,,,,,,,,,,,,,,,
2018,7,15,,,,561,,,,,,,,,,,,,,,,,,,,,
2018,7,16,2100,3000,530,562,,,,,,,,,,,,,,,,,,,,,
2018,7,17,2100,3100,411,563,,,,,,,,,,,,,,,,,,,,,
2018,7,18,2100,3100,323,564,,,,,,,,,,,,,,,,,,,,,
2018,7,19,2000,3000,345,565,,,,,,,,,,,,,,,,,,,,,
2018,7,20,2100,3000,336,566,,,,,,,,,,,,,,,,,,,,,
2018,7,21,2000,3000,310,567,,,,,,,,,,,,,,,,,,,,,
2018,7,22,,,,568,,,,,,,,,,,,,,,,,,,,,
2018,7,23,2200,3000,130,569,,,,,,,,,,,,,,,,,,,,,
2018,7,24,2400,3000,210,570,,,,,,,,,,,,,,,,,,,,,
2018,7,25,2600,3500,319,571,,,,,,,,,,,,,,,,,,,,,
2018,7,26,2200,3600,218,572,,,,,,,,,,,,,,,,,,,,,
2018,7,27,2100,3600,355,573,,,,,,,,,,,,,,,,,,,,,
2018,7,28,2000,3400,343,574,,,,,,,,,,,,,,,,,,,,,
2018,7,29,,,,575,,,,,,,,,,,,,,,,,,,,,
2018,7,30,1900,3200,423,576,,,,,,,,,,,,,,,,,,,,,
2018,7,31,2100,3000,290,577,,,,,,,,,,,,,,,,,,,,,
2018,8,1,2100,3000,142,578,,,,,,,,,,,,,,,,,,,,,
2018,8,2,2200,3000,227,579,,,,,,,,,,,,,,,,,,,,,
2018,8,3,2300,3000,345,580,,,,,,,,,,,,,,,,,,,,,
2018,8,4,2100,3000,315,581,,,,,,,,,,,,,,,,,,,,,
2018,8,5,,,,582,,,,,,,,,,,,,,,,,,,,,
2018,8,6,2000,3200,258,583,,,,,,,,,,,,,,,,,,,,,
2018,8,7,1900,3200,95,584,,,,,,,,,,,,,,,,,,,,,
2018,8,8,2000,3000,177,585,,,,,,,,,,,,,,,,,,,,,
2018,8,9,2000,3200,222,586,,,,,,,,,,,,,,,,,,,,,
2018,8,10,2000,3200,238,587,,,,,,,,,,,,,,,,,,,,,
2018,8,11,2100,3200,244,588,,,,,,,,,,,,,,,,,,,,,
2018,8,12,,,,589,,,,,,,,,,,,,,,,,,,,,
2018,8,13,2050,3200,302,590,,,,,,,,,,,,,,,,,,,,,
2018,8,14,2000,3200,243,591,,,,,,,,,,,,,,,,,,,,,
2018,8,15,,,,592,,,,,,,,,,,,,,,,,,,,,
2018,8,16,2100,3200,339,593,,,,,,,,,,,,,,,,,,,,,
2018,8,17,2200,3300,208,594,,,,,,,,,,,,,,,,,,,,,
2018,8,18,2100,3200,232,595,,,,,,,,,,,,,,,,,,,,,
2018,8,19,,,,596,,,,,,,,,,,,,,,,,,,,,
2018,8,20,2000,3200,362,597,,,,,,,,,,,,,,,,,,,,,
2018,8,21,1900,3000,450,598,,,,,,,,,,,,,,,,,,,,,
2018,8,22,,,,599,,,,,,,,,,,,,,,,,,,,,
2018,8,23,2000,3000,260,600,,,,,,,,,,,,,,,,,,,,,
2018,8,24,2000,3000,218,601,,,,,,,,,,,,,,,,,,,,,
2018,8,25,1900,3000,223,602,,,,,,,,,,,,,,,,,,,,,
2018,8,26,,,,603,,,,,,,,,,,,,,,,,,,,,
2018,8,27,2000,3000,241,604,,,,,,,,,,,,,,,,,,,,,
2018,8,28,2000,3000,313,605,,,,,,,,,,,,,,,,,,,,,
2018,8,29,1900,3000,275,606,,,,,,,,,,,,,,,,,,,,,
2018,8,30,2000,3000,260,607,,,,,,,,,,,,,,,,,,,,,
2018,8,31,1900,3000,245,608,,,,,,,,,,,,,,,,,,,,,
2018,9,1,,,,609,,,,,,,,,,,,,,,,,,,,,
2018,9,2,,,,610,,,,,,,,,,,,,,,,,,,,,
2018,9,3,2100,3000,211,611,,,,,,,,,,,,,,,,,,,,,
2018,9,4,2200,3000,306,612,,,,,,,,,,,,,,,,,,,,,
2018,9,5,1900,3200,270,613,,,,,,,,,,,,,,,,,,,,,
2018,9,6,2100,3000,264,614,,,,,,,,,,,,,,,,,,,,,
2018,9,7,2000,2800,156,615,,,,,,,,,,,,,,,,,,,,,
2018,9,8,,,,616,,,,,,,,,,,,,,,,,,,,,
2018,9,9,2300,3000,336,617,,,,,,,,,,,,,,,,,,,,,
2018,9,10,2200,3000,378,618,,,,,,,,,,,,,,,,,,,,,
2018,9,11,2200,3000,225,619,,,,,,,,,,,,,,,,,,,,,
2018,9,12,2300,3000,273,620,,,,,,,,,,,,,,,,,,,,,
2018,9,13,2100,3200,325,621,,,,,,,,,,,,,,,,,,,,,
2018,9,14,2000,3000,412,622,,,,,,,,,,,,,,,,,,,,,
2018,9,15,,,,623,,,,,,,,,,,,,,,,,,,,,
2018,9,16,1800,3000,303,624,,,,,,,,,,,,,,,,,,,,,
2018,9,17,2000,3000,216,625,,,,,,,,,,,,,,,,,,,,,
2018,9,18,2000,3000,201,626,,,,,,,,,,,,,,,,,,,,,
2018,9,19,1900,3000,195,627,,,,,,,,,,,,,,,,,,,,,
2018,9,20,,,,628,,,,,,,,,,,,,,,,,,,,,
2018,9,21,2100,3000,269,629,,,,,,,,,,,,,,,,,,,,,
2018,9,22,,,,630,,,,,,,,,,,,,,,,,,,,,
2018,9,23,2000,3000,210,631,,,,,,,,,,,,,,,,,,,,,
2018,9,24,2100,3000,309,632,,,,,,,,,,,,,,,,,,,,,
2018,9,25,2300,3000,326,633,,,,,,,,,,,,,,,,,,,,,
2018,9,26,2000,3200,375,634,,,,,,,,,,,,,,,,,,,,,
2018,9,27,2000,3000,208,635,,,,,,,,,,,,,,,,,,,,,
2018,9,28,2100,3000,166,636,,,,,,,,,,,,,,,,,,,,,
2018,9,29,,,,637,,,,,,,,,,,,,,,,,,,,,
2018,9,30,,,,638,,,,,,,,,,,,,,,,,,,,,
2018,10,1,2000,3000,276,639,,,,,,,,,,,,,,,,,,,,,
2018,10,2,,,,640,,,,,,,,,,,,,,,,,,,,,
2018,10,3,2150,3000,235,641,,,,,,,,,,,,,,,,,,,,,
2018,10,4,2100,3000,310,642,,,,,,,,,,,,,,,,,,,,,
2018,10,5,2000,2800,154,643,,,,,,,,,,,,,,,,,,,,,
2018,10,6,2150,3000,370,644,,,,,,,,,,,,,,,,,,,,,
2018,10,7,,,,645,,,,,,,,,,,,,,,,,,,,,
2018,10,8,2100,3000,311,646,,,,,,,,,,,,,,,,,,,,,
2018,10,9,2200,3000,423,647,,,,,,,,,,,,,,,,,,,,,
2018,10,10,2000,3000,342,648,,,,,,,,,,,,,,,,,,,,,
2018,10,11,2000,3000,439,649,,,,,,,,,,,,,,,,,,,,,
2018,10,12,1900,3000,295,650,,,,,,,,,,,,,,,,,,,,,
2018,10,13,2000,3000,185,651,,,,,,,,,,,,,,,,,,,,,
2018,10,14,,,,652,,,,,,,,,,,,,,,,,,,,,
2018,10,15,2100,2800,341,653,,,,,,,,,,,,,,,,,,,,,
2018,10,16,2000,2800,250,654,,,,,,,,,,,,,,,,,,,,,
2018,10,17,2100,3000,165,655,,,,,,,,,,,,,,,,,,,,,
2018,10,18,2100,3200,102,656,,,,,,,,,,,,,,,,,,,,,
2018,10,19,,,,657,,,,,,,,,,,,,,,,,,,,,
2018,10,20,1800,3200,153,658,,,,,,,,,,,,,,,,,,,,,
2018,10,21,,,,659,,,,,,,,,,,,,,,,,,,,,
2018,10,22,2000,3000,267,660,,,,,,,,,,,,,,,,,,,,,
2018,10,23,2100,3000,273,661,,,,,,,,,,,,,,,,,,,,,
2018,10,24,2000,3000,281,662,,,,,,,,,,,,,,,,,,,,,
2018,10,25,2100,3100,353,663,,,,,,,,,,,,,,,,,,,,,
2018,10,26,2000,3200,280,664,,,,,,,,,,,,,,,,,,,,,
2018,10,27,2100,3200,263,665,,,,,,,,,,,,,,,,,,,,,
2018,10,28,,,,666,,,,,,,,,,,,,,,,,,,,,
2018,10,29,2000,3200,236,667,,,,,,,,,,,,,,,,,,,,,
2018,10,30,2100,3000,265,668,,,,,,,,,,,,,,,,,,,,,
2018,10,31,2150,3000,305,669,,,,,,,,,,,,,,,,,,,,,
2018,11,1,2100,3000,210,670,,,,,,,,,,,,,,,,,,,,,
2018,11,2,2000,3000,204,671,,,,,,,,,,,,,,,,,,,,,
2018,11,3,2100,3000,304,672,,,,,,,,,,,,,,,,,,,,,
2018,11,4,,,,673,,,,,,,,,,,,,,,,,,,,,
2018,11,5,2000,3000,271,674,,,,,,,,,,,,,,,,,,,,,
2018,11,6,2100,2800,337,675,,,,,,,,,,,,,,,,,,,,,
2018,11,7,,,,676,,,,,,,,,,,,,,,,,,,,,
2018,11,8,2000,3000,287,677,,,,,,,,,,,,,,,,,,,,,
2018,11,9,2100,2900,131,678,,,,,,,,,,,,,,,,,,,,,
2018,11,10,,,,679,,,,,,,,,,,,,,,,,,,,,
2018,11,11,,,,680,,,,,,,,,,,,,,,,,,,,,
2018,11,12,2100,3000,281,681,,,,,,,,,,,,,,,,,,,,,
2018,11,13,2000,2800,231,682,,,,,,,,,,,,,,,,,,,,,
2018,11,14,2100,3000,172,683,,,,,,,,,,,,,,,,,,,,,
2018,11,15,2200,3000,283,684,,,,,,,,,,,,,,,,,,,,,
2018,11,16,1800,3000,271,685,,,,,,,,,,,,,,,,,,,,,
2018,11,17,2000,2800,450,686,,,,,,,,,,,,,,,,,,,,,
2018,11,18,,,,687,,,,,,,,,,,,,,,,,,,,,
2018,11,19,2100,2800,167,688,,,,,,,,,,,,,,,,,,,,,
2018,11,20,2100,2800,481,689,,,,,,,,,,,,,,,,,,,,,
2018,11,21,,,,690,,,,,,,,,,,,,,,,,,,,,
2018,11,22,2000,2800,335,691,,,,,,,,,,,,,,,,,,,,,
2018,11,23,,,,692,,,,,,,,,,,,,,,,,,,,,
2018,11,24,2000,2800,222,693,,,,,,,,,,,,,,,,,,,,,
2018,11,25,,,,694,,,,,,,,,,,,,,,,,,,,,
2018,11,26,2000,2700,206,695,,,,,,,,,,,,,,,,,,,,,
2018,11,27,2000,2800,252,696,,,,,,,,,,,,,,,,,,,,,
2018,11,28,2000,2800,243,697,,,,,,,,,,,,,,,,,,,,,
2018,11,29,1900,3000,382,698,,,,,,,,,,,,,,,,,,,,,
2018,11,30,2000,3000,371,699,,,,,,,,,,,,,,,,,,,,,
2018,12,1,1600,2800,266,700,,,,,,,,,,,,,,,,,,,,,
2018,12,2,,,,701,,,,,,,,,,,,,,,,,,,,,
2018,12,3,,,,702,,,,,,,,,,,,,,,,,,,,,
2018,12,4,,,,703,,,,,,,,,,,,,,,,,,,,,
2018,12,5,,,,704,,,,,,,,,,,,,,,,,,,,,
2018,12,6,,,,705,,,,,,,,,,,,,,,,,,,,,
2018,12,7,,,,706,,,,,,,,,,,,,,,,,,,,,
2018,12,8,,,,707,,,,,,,,,,,,,,,,,,,,,
2018,12,9,,,,708,,,,,,,,,,,,,,,,,,,,,
2018,12,10,,,,709,,,,,,,,,,,,,,,,,,,,,
2018,12,11,,,,710,,,,,,,,,,,,,,,,,,,,,
2018,12,12,,,,711,,,,,,,,,,,,,,,,,,,,,
2018,12,13,,,,712,,,,,,,,,,,,,,,,,,,,,
2018,12,14,,,,713,,,,,,,,,,,,,,,,,,,,,
2018,12,15,1500,2600,292,714,,,,,,,,,,,,,,,,,,,,,
2018,12,16,,,,715,,,,,,,,,,,,,,,,,,,,,
2018,12,17,,,,716,,,,,,,,,,,,,,,,,,,,,
2018,12,18,1500,2500,164,717,,,,,,,,,,,,,,,,,,,,,
2018,12,19,1600,2500,391,718,,,,,,,,,,,,,,,,,,,,,
2018,12,20,1700,2500,74,719,,,,,,,,,,,,,,,,,,,,,
2018,12,21,1500,2600,322,720,,,,,,,,,,,,,,,,,,,,,
2018,12,22,1500,2500,251,721,,,,,,,,,,,,,,,,,,,,,
2018,12,23,,,,722,,,,,,,,,,,,,,,,,,,,,
2018,12,24,1650,2600,380,723,,,,,,,,,,,,,,,,,,,,,
2018,12,25,,,,724,,,,,,,,,,,,,,,,,,,,,
2018,12,26,1400,2500,276,725,,,,,,,,,,,,,,,,,,,,,
2018,12,27,1500,2500,371,726,,,,,,,,,,,,,,,,,,,,,
2018,12,28,1300,2500,554,727,,,,,,,,,,,,,,,,,,,,,
2018,12,29,1300,2500,335,728,,,,,,,,,,,,,,,,,,,,,
2018,12,30,,,,729,,,,,,,,,,,,,,,,,,,,,
2018,12,31,1300,2500,285,730,,,,,,,,,,,,,,,,,,,,,
2019,1,1,1300,2500,272,731,,,,,,,,,,,,,,,,,,,,,
2019,1,2,1200,3000,161,732,,,,,,,,,,,,,,,,,,,,,
2019,1,3,1300,3000,111,733,,,,,,,,,,,,,,,,,,,,,
2019,1,4,1200,3000,276,734,,,,,,,,,,,,,,,,,,,,,
2019,1,5,1400,3000,212,735,,,,,,,,,,,,,,,,,,,,,
2019,1,6,,,,736,,,,,,,,,,,,,,,,,,,,,
2019,1,7,1300,3000,614,737,,,,,,,,,,,,,,,,,,,,,
2019,1,8,1200,3000,363,738,,,,,,,,,,,,,,,,,,,,,
2019,1,9,1000,2000,476,739,,,,,,,,,,,,,,,,,,,,,
2019,1,10,1200,2500,332,740,,,,,,,,,,,,,,,,,,,,,
2019,1,11,1200,2500,293,741,,,,,,,,,,,,,,,,,,,,,
2019,1,12,1200,2500,370,742,,,,,,,,,,,,,,,,,,,,,
2019,1,13,,,,743,,,,,,,,,,,,,,,,,,,,,
2019,1,14,1200,2500,234,744,,,,,,,,,,,,,,,,,,,,,
2019,1,15,1200,2500,89,745,,,,,,,,,,,,,,,,,,,,,
2019,1,16,1300,2600,98,746,,,,,,,,,,,,,,,,,,,,,
2019,1,17,1200,2600,270,747,,,,,,,,,,,,,,,,,,,,,
2019,1,18,1100,2600,217,748,,,,,,,,,,,,,,,,,,,,,
2019,1,19,1300,2500,237,749,,,,,,,,,,,,,,,,,,,,,
2019,1,20,,,,750,,,,,,,,,,,,,,,,,,,,,
2019,1,21,1400,2400,250,751,,,,,,,,,,,,,,,,,,,,,
2019,1,22,1200,2400,307,752,,,,,,,,,,,,,,,,,,,,,
2019,1,23,1000,2500,239,753,,,,,,,,,,,,,,,,,,,,,
2019,1,24,1200,2600,279,754,,,,,,,,,,,,,,,,,,,,,
2019,1,25,1300,2600,316,755,,,,,,,,,,,,,,,,,,,,,
2019,1,26,,,,756,,,,,,,,,,,,,,,,,,,,,
2019,1,27,,,,757,,,,,,,,,,,,,,,,,,,,,
2019,1,28,1000,2500,176,758,,,,,,,,,,,,,,,,,,,,,
2019,1,29,1500,2600,333,759,,,,,,,,,,,,,,,,,,,,,
2019,1,30,1550,2500,286,760,,,,,,,,,,,,,,,,,,,,,
2019,1,31,1100,2500,286,761,,,,,,,,,,,,,,,,,,,,,
2019,2,1,1200,2600,344,762,,,,,,,,,,,,,,,,,,,,,
2019,2,2,1400,2600,234,763,,,,,,,,,,,,,,,,,,,,,
2019,2,3,,,,764,,,,,,,,,,,,,,,,,,,,,
2019,2,4,1500,2600,334,765,,,,,,,,,,,,,,,,,,,,,
2019,2,5,1600,2500,308,766,,,,,,,,,,,,,,,,,,,,,
2019,2,6,1400,2600,399,767,,,,,,,,,,,,,,,,,,,,,
2019,2,7,1500,2500,263,768,,,,,,,,,,,,,,,,,,,,,
2019,2,8,1300,2500,327,769,,,,,,,,,,,,,,,,,,,,,
2019,2,9,1400,2600,251,770,,,,,,,,,,,,,,,,,,,,,
2019,2,10,,,,771,,,,,,,,,,,,,,,,,,,,,
2019,2,11,1400,2500,230,772,,,,,,,,,,,,,,,,,,,,,
2019,2,12,1450,2500,306,773,,,,,,,,,,,,,,,,,,,,,
2019,2,13,1300,2200,253,774,,,,,,,,,,,,,,,,,,,,,
2019,2,14,1200,2200,288,775,,,,,,,,,,,,,,,,,,,,,
2019,2,15,1100,2200,196,776,,,,,,,,,,,,,,,,,,,,,
2019,2,16,1000,2200,144,777,,,,,,,,,,,,,,,,,,,,,
2019,2,17,,,,778,,,,,,,,,,,,,,,,,,,,,
2019,2,18,1200,2300,259,779,,,,,,,,,,,,,,,,,,,,,
2019,2,19,1100,2300,250,780,,,,,,,,,,,,,,,,,,,,,
2019,2,20,1200,2300,227,781,,,,,,,,,,,,,,,,,,,,,
2019,2,21,1350,2200,145,782,,,,,,,,,,,,,,,,,,,,,
2019,2,22,1000,2200,286,783,,,,,,,,,,,,,,,,,,,,,
2019,2,23,1100,2200,150,784,,,,,,,,,,,,,,,,,,,,,
2019,2,24,,,,785,,,,,,,,,,,,,,,,,,,,,
2019,2,25,1000,2200,155,786,,,,,,,,,,,,,,,,,,,,,
2019,2,26,900,2100,150,787,,,,,,,,,,,,,,,,,,,,,
2019,2,27,1000,2200,103,788,,,,,,,,,,,,,,,,,,,,,
2019,2,28,1000,2500,150,789,,,,,,,,,,,,,,,,,,,,,
2019,3,1,1200,2000,250,790,,,,,,,,,,,,,,,,,,,,,
2019,3,2,1100,2000,87,791,,,,,,,,,,,,,,,,,,,,,
2019,3,3,,,,792,,,,,,,,,,,,,,,,,,,,,
2019,3,4,,,,793,,,,,,,,,,,,,,,,,,,,,
2019,3,5,1000,2000,118,794,,,,,,,,,,,,,,,,,,,,,
2019,3,6,1100,2000,68,795,,,,,,,,,,,,,,,,,,,,,
2019,3,7,900,2000,150,796,,,,,,,,,,,,,,,,,,,,,
2019,3,8,1000,2000,100,797,,,,,,,,,,,,,,,,,,,,,
2019,3,9,1100,2000,84,798,,,,,,,,,,,,,,,,,,,,,
2019,3,10,,,,799,,,,,,,,,,,,,,,,,,,,,
2019,3,11,900,2000,100,800,,,,,,,,,,,,,,,,,,,,,
2019,3,12,900,2000,30,801,,,,,,,,,,,,,,,,,,,,,
2019,3,13,1000,2000,48,802,,,,,,,,,,,,,,,,,,,,,
2019,3,14,800,2000,77,803,,,,,,,,,,,,,,,,,,,,,
2019,3,15,750,2000,100,804,,,,,,,,,,,,,,,,,,,,,
2019,3,16,800,2000,101,805,,,,,,,,,,,,,,,,,,,,,
2019,3,17,,,,806,,,,,,,,,,,,,,,,,,,,,
2019,3,18,700,1900,25,807,,,,,,,,,,,,,,,,,,,,,
2019,3,19,750,1900,37,808,,,,,,,,,,,,,,,,,,,,,
2019,3,20,700,1900,82,809,,,,,,,,,,,,,,,,,,,,,
2019,3,21,,,,810,,,,,,,,,,,,,,,,,,,,,
2019,3,22,750,2000,53,811,,,,,,,,,,,,,,,,,,,,,
2019,3,23,700,2000,16,812,,,,,,,,,,,,,,,,,,,,,
2019,3,24,,,,813,,,,,,,,,,,,,,,,,,,,,
2019,3,25,900,2000,129,814,,,,,,,,,,,,,,,,,,,,,
2019,3,26,1000,2000,120,815,,,,,,,,,,,,,,,,,,,,,
2019,3,27,800,2000,110,816,,,,,,,,,,,,,,,,,,,,,
2019,3,28,900,2100,88,817,,,,,,,,,,,,,,,,,,,,,
2019,3,29,600,2000,34,818,,,,,,,,,,,,,,,,,,,,,
2019,3,30,550,1800,28,819,,,,,,,,,,,,,,,,,,,,,
2019,3,31,,,,820,,,,,,,,,,,,,,,,,,,,,
2019,4,1,1200,2200,390,821,,,,,,,,,,,,,,,,,,,,,
2019,4,2,1300,2200,400,822,,,,,,,,,,,,,,,,,,,,,
2019,4,3,1400,2300,237,823,,,,,,,,,,,,,,,,,,,,,
2019,4,4,1300,2300,254,824,,,,,,,,,,,,,,,,,,,,,
2019,4,5,1400,2300,260,825,,,,,,,,,,,,,,,,,,,,,
2019,4,6,1300,2300,237,826,,,,,,,,,,,,,,,,,,,,,
2019,4,7,,,,827,,,,,,,,,,,,,,,,,,,,,
2019,4,8,1400,2400,215,828,,,,,,,,,,,,,,,,,,,,,
2019,4,9,1300,2500,366,829,,,,,,,,,,,,,,,,,,,,,
2019,4,10,1400,2600,245,830,,,,,,,,,,,,,,,,,,,,,
2019,4,11,,,,831,,,,,,,,,,,,,,,,,,,,,
2019,4,12,1300,2700,417,832,,,,,,,,,,,,,,,,,,,,,
2019,4,13,1400,2700,486,833,,,,,,,,,,,,,,,,,,,,,
2019,4,14,,,,834,,,,,,,,,,,,,,,,,,,,,
2019,4,15,1500,2800,271,835,,,,,,,,,,,,,,,,,,,,,
2019,4,16,1400,2800,214,836,,,,,,,,,,,,,,,,,,,,,
2019,4,17,,,,837,,,,,,,,,,,,,,,,,,,,,
2019,4,18,1400,2800,411,838,,,,,,,,,,,,,,,,,,,,,
2019,4,19,,,,839,,,,,,,,,,,,,,,,,,,,,
2019,4,20,1300,2700,302,840,,,,,,,,,,,,,,,,,,,,,
2019,4,21,,,,841,,,,,,,,,,,,,,,,,,,,,
2019,4,22,1400,2800,310,842,,,,,,,,,,,,,,,,,,,,,
2019,4,23,1500,2700,211,843,,,,,,,,,,,,,,,,,,,,,
2019,4,24,1400,2800,235,844,,,,,,,,,,,,,,,,,,,,,
2019,4,25,1500,2800,264,845,,,,,,,,,,,,,,,,,,,,,
2019,4,26,1400,2800,280,846,,,,,,,,,,,,,,,,,,,,,
2019,4,27,1500,2900,297,847,,,,,,,,,,,,,,,,,,,,,
2019,4,28,,,,848,,,,,,,,,,,,,,,,,,,,,
2019,4,29,1400,3000,359,849,,,,,,,,,,,,,,,,,,,,,
2019,4,30,1500,3100,304,850,,,,,,,,,,,,,,,,,,,,,
2019,5,1,1400,3100,375,851,,,,,,,,,,,,,,,,,,,,,
2019,5,2,1300,3100,280,852,,,,,,,,,,,,,,,,,,,,,
2019,5,3,1500,3200,498,853,,,,,,,,,,,,,,,,,,,,,
2019,5,4,1600,3300,263,854,,,,,,,,,,,,,,,,,,,,,
2019,5,5,,,,855,,,,,,,,,,,,,,,,,,,,,
2019,5,6,1400,3300,232,856,,,,,,,,,,,,,,,,,,,,,
2019,5,7,1500,3300,239,857,,,,,,,,,,,,,,,,,,,,,
2019,5,8,1400,3300,287,858,,,,,,,,,,,,,,,,,,,,,
2019,5,9,1500,3400,320,859,,,,,,,,,,,,,,,,,,,,,
2019,5,10,1400,3400,337,860,,,,,,,,,,,,,,,,,,,,,
2019,5,11,1300,3300,446,861,,,,,,,,,,,,,,,,,,,,,
2019,5,12,,,,862,,,,,,,,,,,,,,,,,,,,,
2019,5,13,1400,3400,507,863,,,,,,,,,,,,,,,,,,,,,
2019,5,14,1300,3300,315,864,,,,,,,,,,,,,,,,,,,,,
2019,5,15,1400,3200,341,865,,,,,,,,,,,,,,,,,,,,,
2019,5,16,1200,3100,234,866,,,,,,,,,,,,,,,,,,,,,
2019,5,17,1300,3200,191,867,,,,,,,,,,,,,,,,,,,,,
2019,5,18,1400,3000,251,868,,,,,,,,,,,,,,,,,,,,,
2019,5,19,,,,869,,,,,,,,,,,,,,,,,,,,,
2019,5,20,1300,3100,272,870,,,,,,,,,,,,,,,,,,,,,
2019,5,21,1200,3200,457,871,,,,,,,,,,,,,,,,,,,,,
2019,5,22,1300,3000,215,872,,,,,,,,,,,,,,,,,,,,,
2019,5,23,1400,3100,200,873,,,,,,,,,,,,,,,,,,,,,
2019,5,24,1300,3100,251,874,,,,,,,,,,,,,,,,,,,,,
2019,5,25,1400,3200,244,875,,,,,,,,,,,,,,,,,,,,,
2019,5,26,,,,876,,,,,,,,,,,,,,,,,,,,,
2019,5,27,1300,3100,304,877,,,,,,,,,,,,,,,,,,,,,
2019,5,28,1400,3300,303,878,,,,,,,,,,,,,,,,,,,,,
2019,5,29,1300,3200,191,879,,,,,,,,,,,,,,,,,,,,,
2019,5,30,1400,3300,262,880,,,,,,,,,,,,,,,,,,,,,
2019,5,31,1500,3200,95,881,,,,,,,,,,,,,,,,,,,,,
2019,6,1,1300,3100,370,882,,,,,,,,,,,,,,,,,,,,,
2019,6,2,,,,883,,,,,,,,,,,,,,,,,,,,,
2019,6,3,1700,3200,377,884,,,,,,,,,,,,,,,,,,,,,
2019,6,4,1500,3800,363,885,,,,,,,,,,,,,,,,,,,,,
2019,6,5,,,,886,,,,,,,,,,,,,,,,,,,,,
2019,6,6,1600,3800,588,887,,,,,,,,,,,,,,,,,,,,,
2019,6,7,1500,3780,270,888,,,,,,,,,,,,,,,,,,,,,
2019,6,8,1400,3700,304,889,,,,,,,,,,,,,,,,,,,,,
2019,6,9,,,,890,,,,,,,,,,,,,,,,,,,,,
2019,6,10,1500,3800,265,891,,,,,,,,,,,,,,,,,,,,,
2019,6,11,1400,3800,476,892,,,,,,,,,,,,,,,,,,,,,
2019,6,12,1500,3800,414,893,,,,,,,,,,,,,,,,,,,,,
2019,6,13,1400,3700,279,894,,,,,,,,,,,,,,,,,,,,,
2019,6,14,1500,3600,185,895,,,,,,,,,,,,,,,,,,,,,
2019,6,15,1400,3600,409,896,,,,,,,,,,,,,,,,,,,,,
2019,6,16,,,,897,,,,,,,,,,,,,,,,,,,,,
2019,6,17,1500,3700,333,898,,,,,,,,,,,,,,,,,,,,,
2019,6,18,1400,3600,496,899,,,,,,,,,,,,,,,,,,,,,
2019,6,19,1500,3600,445,900,,,,,,,,,,,,,,,,,,,,,
2019,6,20,1400,3500,318,901,,,,,,,,,,,,,,,,,,,,,
2019,6,21,1500,3600,520,902,,,,,,,,,,,,,,,,,,,,,
2019,6,22,1600,3600,430,903,,,,,,,,,,,,,,,,,,,,,
2019,6,23,,,,904,,,,,,,,,,,,,,,,,,,,,
2019,6,24,1300,3400,212,905,,,,,,,,,,,,,,,,,,,,,
2019,6,25,1500,3400,444,906,,,,,,,,,,,,,,,,,,,,,
2019,6,26,1600,3400,294,907,,,,,,,,,,,,,,,,,,,,,
2019,6,27,1300,3400,386,908,,,,,,,,,,,,,,,,,,,,,
2019,6,28,1500,3400,409,909,,,,,,,,,,,,,,,,,,,,,
2019,6,29,1400,3400,400,910,,,,,,,,,,,,,,,,,,,,,
2019,6,30,,,,911,,,,,,,,,,,,,,,,,,,,,
2019,7,1,1600,3700,346,912,,,,,,,,,,,,,,,,,,,,,
2019,7,2,1400,3700,284,913,,,,,,,,,,,,,,,,,,,,,
2019,7,3,1500,3700,208,914,,,,,,,,,,,,,,,,,,,,,
2019,7,4,1400,3400,471,915,,,,,,,,,,,,,,,,,,,,,
2019,7,5,1500,3500,301,916,,,,,,,,,,,,,,,,,,,,,
2019,7,6,1400,3500,260,917,,,,,,,,,,,,,,,,,,,,,
2019,7,7,,,,918,,,,,,,,,,,,,,,,,,,,,
2019,7,8,1500,3500,548,919,,,,,,,,,,,,,,,,,,,,,
2019,7,9,1100,3000,474,920,,,,,,,,,,,,,,,,,,,,,
2019,7,10,1300,3000,558,921,,,,,,,,,,,,,,,,,,,,,
2019,7,11,1200,3200,233,922,,,,,,,,,,,,,,,,,,,,,
2019,7,12,1100,3100,503,923,,,,,,,,,,,,,,,,,,,,,
2019,7,13,1200,3000,415,924,,,,,,,,,,,,,,,,,,,,,
2019,7,14,,,,925,,,,,,,,,,,,,,,,,,,,,
2019,7,15,1300,3100,339,926,,,,,,,,,,,,,,,,,,,,,
2019,7,16,1200,3000,330,927,,,,,,,,,,,,,,,,,,,,,
2019,7,17,1300,3100,490,928,,,,,,,,,,,,,,,,,,,,,
2019,7,18,1200,3000,263,929,,,,,,,,,,,,,,,,,,,,,
2019,7,19,1300,3000,418,930,,,,,,,,,,,,,,,,,,,,,
2019,7,20,1200,3000,287,931,,,,,,,,,,,,,,,,,,,,,
2019,7,21,,,,932,,,,,,,,,,,,,,,,,,,,,
2019,7,22,1300,3200,280,933,,,,,,,,,,,,,,,,,,,,,
2019,7,23,1500,3500,288,934,,,,,,,,,,,,,,,,,,,,,
2019,7,24,,,,935,,,,,,,,,,,,,,,,,,,,,
2019,7,25,,,,936,,,,,,,,,,,,,,,,,,,,,
2019,7,26,,,,937,,,,,,,,,,,,,,,,,,,,,
2019,7,27,,,,938,,,,,,,,,,,,,,,,,,,,,
2019,7,28,,,,939,,,,,,,,,,,,,,,,,,,,,
2019,7,29,,,,940,,,,,,,,,,,,,,,,,,,,,
2019,7,30,,,,941,,,,,,,,,,,,,,,,,,,,,
2019,7,31,,,,942,,,,,,,,,,,,,,,,,,,,,
2019,8,1,1400,4000,75,943,,,,,,,,,,,,,,,,,,,,,
2019,8,2,1500,4000,77,944,,,,,,,,,,,,,,,,,,,,,
2019,8,3,1400,4000,60,945,,,,,,,,,,,,,,,,,,,,,
2019,8,4,,,,946,,,,,,,,,,,,,,,,,,,,,
2019,8,5,1400,4000,66,947,,,,,,,,,,,,,,,,,,,,,
2019,8,6,1350,4000,70,948,,,,,,,,,,,,,,,,,,,,,
2019,8,7,1500,4000,396,949,,,,,,,,,,,,,,,,,,,,,
2019,8,8,1200,4000,367,950,,,,,,,,,,,,,,,,,,,,,
2019,8,9,1300,4000,332,951,,,,,,,,,,,,,,,,,,,,,
2019,8,10,1400,4000,400,952,,,,,,,,,,,,,,,,,,,,,
2019,8,11,,,,953,,,,,,,,,,,,,,,,,,,,,
2019,8,12,,,,954,,,,,,,,,,,,,,,,,,,,,
2019,8,13,1400,3500,500,955,,,,,,,,,,,,,,,,,,,,,
2019,8,14,1300,3500,515,956,,,,,,,,,,,,,,,,,,,,,
2019,8,15,,,,957,,,,,,,,,,,,,,,,,,,,,
2019,8,16,1300,3000,252,958,,,,,,,,,,,,,,,,,,,,,
2019,8,17,1400,3000,133,959,,,,,,,,,,,,,,,,,,,,,
2019,8,18,,,,960,,,,,,,,,,,,,,,,,,,,,
2019,8,19,1500,3200,220,961,,,,,,,,,,,,,,,,,,,,,
2019,8,20,1400,3500,353,962,,,,,,,,,,,,,,,,,,,,,
2019,8,21,1400,3000,475,963,,,,,,,,,,,,,,,,,,,,,
2019,8,22,1500,3000,400,964,,,,,,,,,,,,,,,,,,,,,
2019,8,23,1400,3500,253,965,,,,,,,,,,,,,,,,,,,,,
2019,8,24,1300,4000,330,966,,,,,,,,,,,,,,,,,,,,,
2019,8,25,,,,967,,,,,,,,,,,,,,,,,,,,,
2019,8,26,1400,4000,300,968,,,,,,,,,,,,,,,,,,,,,
2019,8,27,,,,969,,,,,,,,,,,,,,,,,,,,,
2019,8,28,1300,4000,274,970,,,,,,,,,,,,,,,,,,,,,
2019,8,29,1400,3500,448,971,,,,,,,,,,,,,,,,,,,,,
2019,8,30,1300,3000,444,972,,,,,,,,,,,,,,,,,,,,,
2019,8,31,1400,3000,135,973,,,,,,,,,,,,,,,,,,,,,
2019,9,1,,,,974,,,,,,,,,,,,,,,,,,,,,
2019,9,2,1400,4000,641,975,,,,,,,,,,,,,,,,,,,,,
2019,9,3,,,,976,,,,,,,,,,,,,,,,,,,,,
2019,9,4,1300,4000,410,977,,,,,,,,,,,,,,,,,,,,,
2019,9,5,1300,2000,340,978,,,,,,,,,,,,,,,,,,,,,
2019,9,6,1400,4000,228,979,,,,,,,,,,,,,,,,,,,,,
2019,9,7,1500,4100,237,980,,,,,,,,,,,,,,,,,,,,,
2019,9,8,,,,981,,,,,,,,,,,,,,,,,,,,,
2019,9,9,1500,4000,397,982,,,,,,,,,,,,,,,,,,,,,
2019,9,10,,,,983,,,,,,,,,,,,,,,,,,,,,
2019,9,11,1600,4000,350,984,,,,,,,,,,,,,,,,,,,,,
2019,9,12,1400,4000,432,985,,,,,,,,,,,,,,,,,,,,,
2019,9,13,1500,4000,215,986,,,,,,,,,,,,,,,,,,,,,
2019,9,14,1350,4000,328,987,,,,,,,,,,,,,,,,,,,,,
2019,9,15,,,,988,,,,,,,,,,,,,,,,,,,,,
2019,9,16,1400,4000,285,989,,,,,,,,,,,,,,,,,,,,,
2019,9,17,1400,4000,260,990,,,,,,,,,,,,,,,,,,,,,
2019,9,18,1500,4000,425,991,,,,,,,,,,,,,,,,,,,,,
2019,9,19,1400,4000,349,992,,,,,,,,,,,,,,,,,,,,,
2019,9,20,1350,4000,448,993,,,,,,,,,,,,,,,,,,,,,
2019,9,21,1300,4000,329,994,,,,,,,,,,,,,,,,,,,,,
2019,9,22,,,,995,,,,,,,,,,,,,,,,,,,,,
2019,9,23,1350,40000,162,996,,,,,,,,,,,,,,,,,,,,,
2019,9,24,1500,4000,330,997,,,,,,,,,,,,,,,,,,,,,
2019,9,25,1400,4000,331,998,,,,,,,,,,,,,,,,,,,,,
2019,9,26,1500,4000,335,999,,,,,,,,,,,,,,,,,,,,,
2019,9,27,1400,4000,442,1000,,,,,,,,,,,,,,,,,,,,,
2019,9,28,1500,4000,418,1001,,,,,,,,,,,,,,,,,,,,,
2019,9,29,,,,1002,,,,,,,,,,,,,,,,,,,,,
2019,9,30,1550,4000,408,1003,,,,,,,,,,,,,,,,,,,,,
2019,10,1,1600,4000,261,1004,,,,,,,,,,,,,,,,,,,,,
2019,10,2,,,,1005,,,,,,,,,,,,,,,,,,,,,
2019,10,3,1700,4000,398,1006,,,,,,,,,,,,,,,,,,,,,
2019,10,4,1600,4000,377,1007,,,,,,,,,,,,,,,,,,,,,
2019,10,5,1550,4000,300,1008,,,,,,,,,,,,,,,,,,,,,
2019,10,6,,,,1009,,,,,,,,,,,,,,,,,,,,,
2019,10,7,1600,40000,312,1010,,,,,,,,,,,,,,,,,,,,,
2019,10,8,,,,1011,,,,,,,,,,,,,,,,,,,,,
2019,10,9,1500,4000,416,1012,,,,,,,,,,,,,,,,,,,,,
2019,10,10,1500,4000,386,1013,,,,,,,,,,,,,,,,,,,,,
2019,10,11,1500,4000,287,1014,,,,,,,,,,,,,,,,,,,,,
2019,10,12,1400,4000,240,1015,,,,,,,,,,,,,,,,,,,,,
2019,10,13,,,,1016,,,,,,,,,,,,,,,,,,,,,
2019,10,14,1600,4000,482,1017,,,,,,,,,,,,,,,,,,,,,
2019,10,15,1500,4000,440,1018,,,,,,,,,,,,,,,,,,,,,
2019,10,16,1700,4000,398,1019,,,,,,,,,,,,,,,,,,,,,
2019,10,17,1800,4000,361,1020,,,,,,,,,,,,,,,,,,,,,
2019,10,18,1700,4000,325,1021,,,,,,,,,,,,,,,,,,,,,
2019,10,19,1600,4000,308,1022,,,,,,,,,,,,,,,,,,,,,
2019,10,20,,,,1023,,,,,,,,,,,,,,,,,,,,,
2019,10,21,1700,4000,445,1024,,,,,,,,,,,,,,,,,,,,,
2019,10,22,1900,5000,279,1025,,,,,,,,,,,,,,,,,,,,,
2019,10,23,1800,5000,344,1026,,,,,,,,,,,,,,,,,,,,,
2019,10,24,1900,5000,375,1027,,,,,,,,,,,,,,,,,,,,,
2019,10,25,1800,5000,273,1028,,,,,,,,,,,,,,,,,,,,,
2019,10,26,1900,5000,234,1029,,,,,,,,,,,,,,,,,,,,,
2019,10,27,,,,1030,,,,,,,,,,,,,,,,,,,,,
2019,10,28,1850,5000,484,1031,,,,,,,,,,,,,,,,,,,,,
2019,10,29,2000,5100,298,1032,,,,,,,,,,,,,,,,,,,,,
2019,10,30,1900,5200,594,1033,,,,,,,,,,,,,,,,,,,,,
2019,10,31,2000,5100,551,1034,,,,,,,,,,,,,,,,,,,,,
2019,11,1,2000,5200,365,1035,,,,,,,,,,,,,,,,,,,,,
2019,11,2,1800,5300,457,1036,,,,,,,,,,,,,,,,,,,,,
2019,11,3,,,,1037,,,,,,,,,,,,,,,,,,,,,
2019,11,4,2000,5200,274,1038,,,,,,,,,,,,,,,,,,,,,
2019,11,5,2000,5000,368,1039,,,,,,,,,,,,,,,,,,,,,
2019,11,6,2100,5000,301,1040,,,,,,,,,,,,,,,,,,,,,
2019,11,7,2000,5000,543,1041,,,,,,,,,,,,,,,,,,,,,
2019,11,8,2100,5000,396,1042,,,,,,,,,,,,,,,,,,,,,
2019,11,9,2000,5000,473,1043,,,,,,,,,,,,,,,,,,,,,
2019,11,10,,,,1044,,,,,,,,,,,,,,,,,,,,,
2019,11,11,1800,5000,564,1045,,,,,,,,,,,,,,,,,,,,,
2019,11,12,,,,1046,,,,,,,,,,,,,,,,,,,,,
2019,11,13,1600,5000,339,1047,,,,,,,,,,,,,,,,,,,,,
2019,11,14,1600,5000,304,1048,,,,,,,,,,,,,,,,,,,,,
2019,11,15,1800,5000,390,1049,,,,,,,,,,,,,,,,,,,,,
2019,11,16,1900,5000,376,1050,,,,,,,,,,,,,,,,,,,,,
2019,11,17,,,,1051,,,,,,,,,,,,,,,,,,,,,
2019,11,18,1800,5000,457,1052,,,,,,,,,,,,,,,,,,,,,
2019,11,19,2000,5000,198,1053,,,,,,,,,,,,,,,,,,,,,
2019,11,20,1700,5000,304,1054,,,,,,,,,,,,,,,,,,,,,
2019,11,21,1850,4000,244,1055,,,,,,,,,,,,,,,,,,,,,
2019,11,22,1800,4000,276,1056,,,,,,,,,,,,,,,,,,,,,
2019,11,23,1600,4000,346,1057,,,,,,,,,,,,,,,,,,,,,
2019,11,24,,,,1058,,,,,,,,,,,,,,,,,,,,,
2019,11,25,1800,4000,340,1059,,,,,,,,,,,,,,,,,,,,,
2019,11,26,2100,4000,410,1060,,,,,,,,,,,,,,,,,,,,,
2019,11,27,2000,4500,355,1061,,,,,,,,,,,,,,,,,,,,,
2019,11,28,1800,4000,414,1062,,,,,,,,,,,,,,,,,,,,,
2019,11,29,1650,4000,365,1063,,,,,,,,,,,,,,,,,,,,,
2019,11,30,1400,4000,382,1064,,,,,,,,,,,,,,,,,,,,,
2019,12,1,,,,1065,,,,,,,,,,,,,,,,,,,,,
2019,12,2,1600,4000,510,1066,,,,,,,,,,,,,,,,,,,,,
2019,12,3,1600,4000,380,1067,,,,,,,,,,,,,,,,,,,,,
2019,12,4,1600,4000,245,1068,,,,,,,,,,,,,,,,,,,,,
2019,12,5,1600,4000,168,1069,,,,,,,,,,,,,,,,,,,,,
2019,12,6,1800,4000,112,1070,,,,,,,,,,,,,,,,,,,,,
2019,12,7,1800,4000,270,1071,,,,,,,,,,,,,,,,,,,,,
2019,12,8,,,,1072,,,,,,,,,,,,,,,,,,,,,
2019,12,9,1800,4000,300,1073,,,,,,,,,,,,,,,,,,,,,
2019,12,10,1600,4000,400,1074,,,,,,,,,,,,,,,,,,,,,
2019,12,11,1700,4000,428,1075,,,,,,,,,,,,,,,,,,,,,
2019,12,12,1800,3000,470,1076,,,,,,,,,,,,,,,,,,,,,
2019,12,13,1800,3000,339,1077,,,,,,,,,,,,,,,,,,,,,
2019,12,14,1800,3000,220,1078,,,,,,,,,,,,,,,,,,,,,
2019,12,15,,,,1079,,,,,,,,,,,,,,,,,,,,,
2019,12,16,1600,6000,230,1080,,,,,,,,,,,,,,,,,,,,,
2019,12,17,1800,3000,291,1081,,,,,,,,,,,,,,,,,,,,,
2019,12,18,1800,3000,301,1082,,,,,,,,,,,,,,,,,,,,,
2019,12,19,1600,3000,419,1083,,,,,,,,,,,,,,,,,,,,,
2019,12,20,1800,3000,340,1084,,,,,,,,,,,,,,,,,,,,,
2019,12,21,2000,4000,350,1085,,,,,,,,,,,,,,,,,,,,,
2019,12,22,,,,1086,,,,,,,,,,,,,,,,,,,,,
2019,12,23,2200,4000,310,1087,,,,,,,,,,,,,,,,,,,,,
2019,12,24,2400,6000,184,1088,,,,,,,,,,,,,,,,,,,,,
2019,12,25,,,,1089,,,,,,,,,,,,,,,,,,,,,
2019,12,26,2200,6000,461,1090,,,,,,,,,,,,,,,,,,,,,
2019,12,27,2000,6000,404,1091,,,,,,,,,,,,,,,,,,,,,
2019,12,28,1800,6000,559,1092,,,,,,,,,,,,,,,,,,,,,
2019,12,29,,,,1093,,,,,,,,,,,,,,,,,,,,,
2019,12,30,1800,6000,550,1094,,,,,,,,,,,,,,,,,,,,,
2019,12,31,1900,5000,410,1095,,,,,,,,,,,,,,,,,,,,,
,,,,,,,,,,,,,,,,,,,,,,,,,,,
,,,,,,,,,,,,,,,,,,,,,,,,,,,
,,,,,,,,,,,,,,,,,,,,,,,,,,,
,,,,,,,,,,,,,,,,,,,,,,,,,,,
,,,,,,,,,,,,,,,,,,,,,,,,,,,
,,,,,,,,,,,,,,,,,,,,,,,,,,,
,,,,,,,,,,,,,,,,,,,,,,,,,,,
,,,,,,,,,,,,,,,,,,,,,,,,,,,
,,,,,,,,,,,,,,,,,,,,,,,,,,,
,,,,,,,,,,,,,,,,,,,,,,,,,,,
,,,,,,,,,,,,,,,,,,,,,,,,,,,
,,,,,,,,,,,,,,,,,,,,,,,,,,,
,,,,,,,,,,,,,,,,,,,,,,,,,,,
,,,,,,,,,,,,,,,,,,,,,,,,,,,
,,,,,,,,,,,,,,,,,,,,,,,,,,,
,,,,,,,,,,,,,,,,,,,,,,,,,,,
,,,,,,,,,,,,,,,,,,,,,,,,,,,
,,,,,,,,,,,,,,,,,,,,,,,,,,,
,,,,,,,,,,,,,,,,,,,,,,,,,,,
